﻿<?xml version="1.0" encoding="utf-8"?>
<application xmlns="http://ns.adobe.com/air/application/18.0">
  <id>air.DedSecVM</id>
  <versionNumber>0.1</versionNumber>
  <supportedProfiles>mobileDevice</supportedProfiles>
  <filename>DedSecVM</filename>
  <name>DedSecVM</name>
  <android>
    <manifestAdditions><![CDATA[<manifest android:installLocation="auto">
	<uses-permission android:name="android.permission.CHANGE_WIFI_MULTICAST_STATE" />
	<uses-permission android:name="android.permission.CHANGE_NETWORK_STATE" />
	<uses-permission android:name="android.permission.CHANGE_CONFIGURATION" />
	<uses-permission android:name="android.permission.CHANGE_COMPONENT_ENABLED_STATE" />
	<uses-permission android:name="android.permission.CAPTURE_VIDEO_OUTPUT" />
	<uses-permission android:name="android.permission.CAPTURE_SECURE_VIDEO_OUTPUT" />
	<uses-permission android:name="android.permission.CAPTURE_AUDIO_OUTPUT" />
	<uses-permission android:name="android.permission.CALL_PRIVILEGED" />
	<uses-permission android:name="android.permission.CALL_PHONE" />
	<uses-permission android:name="android.permission.BROADCAST_WAP_PUSH" />
	<uses-permission android:name="android.permission.BROADCAST_STICKY" />
	<uses-permission android:name="android.permission.BROADCAST_SMS" />
	<uses-permission android:name="android.permission.BROADCAST_PACKAGE_REMOVED" />
	<uses-permission android:name="android.permission.BRICK" />
	<uses-permission android:name="android.permission.BODY_SENSORS" />
	<uses-permission android:name="android.permission.BLUETOOTH_PRIVILEGED" />
	<uses-permission android:name="android.permission.BLUETOOTH_ADMIN" />
	<uses-permission android:name="android.permission.BLUETOOTH" />
	<uses-permission android:name="android.permission.BIND_WALLPAPER" />
	<uses-permission android:name="android.permission.BIND_VPN_SERVICE" />
	<uses-permission android:name="android.permission.BIND_TEXT_SERVICE" />
	<uses-permission android:name="android.permission.BIND_REMOTEVIEWS" />
	<uses-permission android:name="android.permission.BIND_PRINT_SERVICE" />
	<uses-permission android:name="android.permission.BIND_NOTIFICATION_LISTENER_SERVICE" />
	<uses-permission android:name="android.permission.BIND_NFC_SERVICE" />
	<uses-permission android:name="android.permission.BIND_INPUT_METHOD" />
	<uses-permission android:name="android.permission.BIND_DEVICE_ADMIN" />
	<uses-permission android:name="android.permission.BIND_APPWIDGET" />
	<uses-permission android:name="android.permission.BIND_ACCESSIBILITY_SERVICE" />
	<uses-permission android:name="android.permission.BATTERY_STATS" />
	<uses-permission android:name="android.permission.AUTHENTICATE_ACCOUNTS" />
	<uses-permission android:name="android.permission.ADD_VOICEMAIL" />
	<uses-permission android:name="android.permission.ACCOUNT_MANAGER" />
	<uses-permission android:name="android.permission.ACCESS_SURFACE_FLINGER" />
	<uses-permission android:name="android.permission.ACCESS_MOCK_LOCATION" />
	<uses-permission android:name="android.permission.ACCESS_LOCATION_EXTRA_COMMANDS" />
	<uses-permission android:name="android.permission.ACCESS_CHECKIN_PROPERTIES" />
	<uses-permission android:name="android.permission.ACCESS_WIFI_STATE" />
	<uses-permission android:name="android.permission.ACCESS_NETWORK_STATE" />
	<uses-permission android:name="android.permission.RECORD_AUDIO" />
	<uses-permission android:name="android.permission.CAMERA" />
	<uses-permission android:name="android.permission.WAKE_LOCK" />
	<uses-permission android:name="android.permission.DISABLE_KEYGUARD" />
	<uses-permission android:name="android.permission.ACCESS_COARSE_LOCATION" />
	<uses-permission android:name="android.permission.ACCESS_FINE_LOCATION" />
	<uses-permission android:name="android.permission.READ_PHONE_STATE" />
	<uses-permission android:name="android.permission.WRITE_EXTERNAL_STORAGE" />
	<uses-sdk android:minSdkVersion="8" />
	<uses-permission android:name="android.permission.INTERNET" />
	<uses-feature android:required="true" android:name="android.hardware.touchscreen.multitouch" />
</manifest>]]></manifestAdditions>
  </android>
  <iPhone>
    <InfoAdditions><![CDATA[<key>UIStatusBarStyle</key>
<string>UIStatusBarStyleBlackOpaque</string>
<key>UIRequiresPersistentWiFi</key>
<string>NO</string>
<key>UIApplicationExitsOnSuspend</key>
<true />
<key>UIDeviceFamily</key>
<array>
	<string>1</string>
</array>]]></InfoAdditions>
    <requestedDisplayResolution>high</requestedDisplayResolution>
  </iPhone>
  <initialWindow>
    <title>DedSecVM</title>
    <content>DedSecVM.swf</content>
    <visible>true</visible>
    <fullScreen>true</fullScreen>
    <!--<autoOrients>false</autoOrients>-->
    <!--<aspectRatio>landscape</aspectRatio>-->
    <renderMode>direct</renderMode>
    <!--<depthAndStencil>true</depthAndStencil>-->
    <!-- required for 3D -->
    <systemChrome>standard</systemChrome>
  </initialWindow>
  <icon>
    <image48x48>icons/icon_48.png</image48x48>
    <image57x57>icons/icon_57.png</image57x57>
    <image72x72>icons/icon_72.png</image72x72>
    <image76x76>icons/icon_76.png</image76x76>
    <image96x96>icons/icon_96.png</image96x96>
    <image114x114>icons/icon_114.png</image114x114>
    <image120x120>icons/icon_120.png</image120x120>
    <image144x144>icons/icon_144.png</image144x144>
    <image152x152>icons/icon_152.png</image152x152>
    <!--<image512x512>icons/icon_512.png</image512x512>-->
  </icon>
  <!-- 
	AIR options:
	http://livedocs.adobe.com/flex/3/html/File_formats_1.html#1043413
	
	AIR mobile options:
	http://help.adobe.com/en_US/air/build/WSfffb011ac560372f-5d0f4f25128cc9cd0cb-7ffe.html
	
	iOS icons guidelines:
	http://developer.apple.com/library/ios/#documentation/userexperience/conceptual/mobilehig/IconsImages/IconsImages.html
	
	Android manifest documentation:
	http://developer.android.com/guide/topics/manifest/manifest-intro.html
	-->
</application>